STATE,COUNTY,MONTH,DAY,YEAR,HOUR,MINUTE,VE_FORMS,PERSONS,NHS,ROAD_FNC,ROUTE,SP_JUR,HARM_EV,MAN_COLL,REL_JUNC,REL_ROAD,TRAF_FLO,NO_LANES,SP_LIMIT,ALIGNMNT,PROFILE,PAVE_TYP,SUR_COND,TRA_CONT,T_CONT_F,HIT_RUN,LGT_COND,WEATHER,C_M_ZONE,NOT_HOUR,NOT_MIN,ARR_HOUR,ARR_MIN,HOSP_HR,HOSP_MN,SCH_BUS,CF1,CF2,CF3,FATALS,DAY_WEEK,DRUNK_DR,ST_CASE,MILEPT,CITY,TWAY_ID,RAIL,PEDS
6,113,4,20,97,17,35,1,1,0,15,6,0,1,0,1,6,1,2,40,2,1,2,1,0,0,0,1,1,0,99,99,99,99,0,0,0,0,0,0,1,1,1,60678,0,4163,SRIVER RD,0000000,0
6,59,4,20,97,18,21,2,4,0,13,3,0,12,4,2,1,1,4,40,1,1,2,1,3,3,0,5,1,0,99,99,99,99,99,99,0,0,0,0,1,1,0,60700,0,1410,WESTMINSTR,0000000,0